pdb_id,ligand_ccd,pilot,input_path,input_sha256,input_bytes,sequence_sha256,msa_sha256,msa_rows,msa_server,msa_mode,msa_query_utc,num_tokens,bucket,num_seeds,validated,featurise_seconds
5SB2,1K2,no,data/inputs/5SB2.json,afba4c34a4d5d63665f32383519644c2fe94f6b82b57df133806a63d1ed4a813,4522457,9dea4e66c5780797cf83c84154c2a2fe4df9dc6cd259418585c5bf6a34e2588c,3bb17dbc07df20b009b6a07faf892264d46c3a694ab18580949b14c76bbd9d31,11124,https://api.colabfold.com,env,2026-10-08T14:00:35+00:00,351,512,5,af3_featurised,7.7
5SD5,HWI,no,data/inputs/5SD5.json,d26ef8568625f5c8d1d53d703469d854d55353dcf3450d0e3190f1a2038384da,4106327,8db0eeb9381576e3b60859fd7aba4ca4bd35d4b16b01b1c5fed8d74e0b6f3a7f,630641f350b5ce8a105d1d570baea4f98439612c5e55796683a545b9b6f6b286,15460,https://api.colabfold.com,env,2026-10-08T13:57:43+00:00,208,256,5,af3_featurised,2.3
6TW7,NZB,no,data/inputs/6TW7.json,4da46a500f0ccec43d06d0b27d795585d0aa5471f70d36eeec713f750c6c45c8,2060772,3126100bb67b7d2e3a50f0350b5b00fdedb708ad7f6cf78a58ff3068b1b8a385,9e468b0ab44d31060f24d6840b44b10a83eb9ad3a2725fbd5419129668f103c6,4098,https://api.colabfold.com,env,2026-10-08T13:39:49+00:00,447,512,5,af3_featurised,4.2
6XG5,TOP,no,data/inputs/6XG5.json,419e8dd8380d86686fe099e05f5d921a488e8cac344687cddc7d388eff5b6506,3980046,8f8e6a7af41a93c203a28e51e513fa30c39abe57b203315056e01b9e968713f8,889b3a38a65a451f570ad38cb11f9661bf4a427be7aee3aca36d4711fd8918d5,16009,https://api.colabfold.com,env,2026-10-08T13:58:48+00:00,186,256,5,af3_featurised,2.1
6XM9,V55,no,data/inputs/6XM9.json,a943815931d422d6964b559c1328045528e59afa3d2edf7fa3b95c3c5e224ba7,3981455,3cfa97fd1f61eee3a020f2d1fa08af714876478d02d8613f58d7327064614c55,eb7b8c02d0e6e8e8157326ce4ddb3f264bc463362445caf0b62282e30472308a,6973,https://api.colabfold.com,env,2026-10-08T13:50:25+00:00,500,512,5,af3_featurised,5.8
6YQW,82I,no,data/inputs/6YQW.json,b4c330150a2635d7f7d8f4e54d82c764f97eca537a51adcb89bc40e10f2fa9fa,1559583,581bd28cf2bc09049a2e9c2907c82bc8d837ee39146addfe8b23f7bc2f459a4f,5281244bbf6cfc31076388aabebf2ec2509ceabeaa4cc66f1cbbe4f8898a7ae1,8524,https://api.colabfold.com,env,2026-10-08T13:52:04+00:00,117,256,5,af3_featurised,1.2
6YRV,PJ8,no,data/inputs/6YRV.json,2ef8fc90f9a594b4d48bc88109ecc23b83c324ee195eb9eae6f0e14942c1018f,11941328,3047948f0e9b37e5daf3d248306e764dcb7b6bfc34b507117096690632002db6,f19607d20ec67a67ed453e48ae4014352ba03a775687fd5a34565f8bfc809084,18005,https://api.colabfold.com,env,2026-10-08T13:36:01+00:00,595,768,5,af3_featurised,7.5
6Z1C,7EY,no,data/inputs/6Z1C.json,d661df127a854250165b007081e9a3a924c4c980ee83c32ba823b999319d6cc3,6178055,a9d398b7e9f9d4bbc79c8a9d048d0ac91032e2833d294221c54c1d1e68041ca1,b9232d9dc91bacb00c2cffdfcbaab3b8c0d57e74e57e101436b80da23152b074,14618,https://api.colabfold.com,env,2026-10-08T14:03:43+00:00,355,512,5,af3_featurised,4.4
6ZCY,QF8,no,data/inputs/6ZCY.json,f659d5c2cd0c07497b4c260da222cd7dc742d866173af2dbdeff6086560c00dd,4570440,78af61e28f16d2450df18f426298b073f8f2bc6fcbc369944141ea46657fae07,2b97a5c2a66977278518e0c483fcc4d26da5cc2cd0309545cce7f96c723e4b10,11790,https://api.colabfold.com,env,2026-10-08T13:54:20+00:00,332,512,5,af3_featurised,3.7
6ZPB,3D1,no,data/inputs/6ZPB.json,1ddf564f976867b316005fab9477f52a3480a19d5e6cf372d7385b71e61073b3,251432,425fc2397125e8d944260e1368aada4a57d650ef7e7ab5fd443f50a557bd2bee,9ea763bf839379638301d84edf3e913229d1e6a0b66cdbfa2b06d9f3d9ef46fa,960,https://api.colabfold.com,env,2026-10-08T13:50:58+00:00,199,256,5,af3_featurised,1.6
7A9E,R4W,no,data/inputs/7A9E.json,f7689e1777b8092626a51342d50a8573c3dd39cd088e710905e22c6aa70c803a,7119281,3717c0c7c8f07be6b536decf2a9eae4837d8bcc8a1fb169ac550bd7d9015ae52,354c0f9b54f452a26a3e97843387064d913f98d04b361e2050cb4e2acc0bf92c,14960,https://api.colabfold.com,env,2026-10-08T13:43:11+00:00,394,512,5,af3_featurised,4.8
7BCP,GCO,no,data/inputs/7BCP.json,7a02fa118230489f6d4fafef6d78a3b00f97bd93150293d1ac1390869f3f828f,3780764,f1787a90cc774a691e6cacab774373ddd44ca89125ac12523c4909ba57e64180,b5a11d88f383f612aafa56b8ee9bcbe528715070013597ec19367fe6ecf6cbf2,9034,https://api.colabfold.com,env,2026-10-08T14:44:50+00:00,352,512,5,af3_featurised,3.6
7BTT,F8R,yes,data/inputs/7BTT.json,9ce4bde2fc58877a2424c354dc39b53dcb3e2d35c7f019a0c3d1c82886b4cd5b,5795994,0b1ca5ee8cb06825d582fa3bbc2977129f2f4a51db1d331f3a7c933935090f44,1de5ff075c13e33ad76c51f6941eef1cfe1a1f81d70008493a07263056f9eac7,14243,https://api.colabfold.com,env,2026-10-08T13:24:36+00:00,360,512,5,af3_featurised,4.1
7D5C,GV6,yes,data/inputs/7D5C.json,a62f867febc74c4b7556ff53a45bc4bc4ffc61de3ff8305c142b7f9894fb48ec,23324249,f0c896c26620ff0d3f58939e51c30fad661b9fd4e624725aba6c8aa2df6f33d8,ebc7c4f15e90fbe09deb0e0f5ed743ff70735c2481fc72cd9e2fda22e800bc67,21173,https://api.colabfold.com,env,2026-10-08T14:24:24+00:00,1023,1024,5,af3_featurised,15.1
7DKT,GLF,no,data/inputs/7DKT.json,b3e6d3bb2a742ebd1513c9d7bb3ba2decddd91660be1497befadf001d703cd29,4783455,0425c9f60a0ee5878aeffdd258ec59400bb186e23f5f92ee5e0cdb826c68cc5b,ecde0070598703950fbc1581210918e7859f5f649b3c3ea421d6f755586d0841,5280,https://api.colabfold.com,env,2026-10-08T13:21:21+00:00,811,1024,5,af3_featurised,8.3
7F5D,EUO,no,data/inputs/7F5D.json,c5eb95aee829dfe1babe6d73a9cf390d356bd87c73f61adb02d1b76ce0eebac3,1918967,3bea4d50b5a9c328a29b0a6df4dbf96052f40f4af5a8715d84b7dfc615bd87ee,2907b5b928ed7c0d004a14053c506c0da1c381f0cb1b1f07c540bdba02c5e4ff,9941,https://api.colabfold.com,env,2026-10-08T13:47:43+00:00,136,256,5,af3_featurised,1.4
7F8T,FAD,no,data/inputs/7F8T.json,a62cb0f5b70374fa981491b2902997a0a022dbb09162d3323fe0ebf4e9d09066,4760792,f6694d5da00933e9e1f927db5618ae3bd1804285fbea7f79eda67e0ea3758444,596454ebbe59e617c218edaef643f825d1933b1f6bd1af522f7d67204c439a4c,8390,https://api.colabfold.com,env,2026-10-08T14:46:48+00:00,535,768,5,af3_featurised,5.8
7JG0,GAR,no,data/inputs/7JG0.json,cd8af222ee18f58f81a6088aef5ac903a3ece3322d93e699a09e8940da2f3551,4696273,b63563340a7e80d91bc07daa056efa3e3259969a169a23e8fb2793dad35c3699,0656b8b2f1f59531d7bc212f3f29eca6f0ce8d1501a0a6865c14f0ec51f9c6be,16256,https://api.colabfold.com,env,2026-10-08T14:09:49+00:00,228,256,5,af3_featurised,2.6
7LCU,XTA,no,data/inputs/7LCU.json,7b1f07950dd073bacab961e0f44968dd42589a12f0a910e3994c0e99430ded8b,8964420,cefb69765fc74d77f6c834869031bf27a77ba9ff148a184ed0acbf77bc947256,f44ef2256fc310b73b75c59a16cf43b5ced06fc4cfc8308e8926b3189b92271a,15260,https://api.colabfold.com,env,2026-10-08T14:18:14+00:00,529,768,5,af3_featurised,6.2
7LT0,ONJ,no,data/inputs/7LT0.json,cb090f158a6c737df2d5b5c6f1c3e05f87fd808a6ace0fceef9b0c4fa177d632,7771071,39cb34fa9e34e0acad6e105ed26b1edb77b81150142eaba729ae2748802ad1e9,7ade9f4b7e3d3094204806554b6a198737fc0e205183acf6c6cd10e5c100f32a,20735,https://api.colabfold.com,env,2026-10-08T13:47:10+00:00,320,512,5,af3_featurised,4.3
7MGT,ZD4,no,data/inputs/7MGT.json,fe6558a1ddff892b83f5dba2b9a75ad3169247e98a84fc86f71385a71fb7a80f,4177764,262a0dd1195ef15e3ca7e9a7d77ca0d8aca94d307692a8bef9deaaac1165c7a4,370f8984064764f7cb3dcaca32cc785dfbf4664cdf67dcf6928eb9f066b2c788,9270,https://api.colabfold.com,env,2026-10-08T13:30:39+00:00,397,512,5,af3_featurised,4.1
7MWU,ZPM,no,data/inputs/7MWU.json,04bdbb08106763befa021c88c74229f205017577111f00ea06cac7d91b02cbe9,7446158,a7463f6c3233294680e57928dd756f800467d86eb3670195620ef2736ef8d58f,5bd56118f2352894225bc98059e023cf5b68bbbbd6b0263205cf6facb53902e3,11765,https://api.colabfold.com,env,2026-10-08T14:02:47+00:00,558,768,5,af3_featurised,6.5
7N03,ZRP,no,data/inputs/7N03.json,3cdcdccc903d9371d5c92401c9adf74fc7799ee9a7217cd993058e00d492c2ea,2292330,ebcdf8c770d0fd47b7a236cbd2e0869f309e17dfdb6bac5deedaf84d355db2f7,5a7390e530c42e4a5d437d131a37acb0c2b9138be98468319d3e5a194d1f798c,9714,https://api.colabfold.com,env,2026-10-08T14:22:12+00:00,186,256,5,af3_featurised,1.9
7N4W,P4V,no,data/inputs/7N4W.json,bb1b69308e5a6638aebf80745e52f5f02750ad9c98fce455fafce307cfb11a1c,1673809,cd9ce86aaeefdf360e42de21317d74791efb48573d865b80a30057c0d2a401d0,cc3c9e245a9c7251c65805a84ce04203069f7f65aca4060bce131c784200cd97,6235,https://api.colabfold.com,env,2026-10-08T14:14:46+00:00,220,256,5,af3_featurised,2.1
7N7H,CTP,no,data/inputs/7N7H.json,03b75089de8208fe0ee9fc593f6acdfbf2be6255e8b0b06e3efa2de4029f79cf,1639240,284702c13e891032999c8036b0f47d4f9c724e51ed57059a39e94c5681552ae0,f65659953f4ee9ad3e2f05f1f30fff9993e1a7d6a8df25d150441e70d17653ed,4388,https://api.colabfold.com,env,2026-10-08T13:32:36+00:00,322,512,5,af3_featurised,2.9
7NF3,4LU,no,data/inputs/7NF3.json,776c107bd4e374df4f2c9334a7cb3c848590d5b898fbb175a9f21762b81572c6,3183720,aafd9287af3b12fc6c452d37fdb2a0da35523cd6c9d6f22126c7d7b41b77b4fb,f6f42d33e251c7247b0200d73d2cc0f9464d063c290efbf3ce49acdffc81fa56,5416,https://api.colabfold.com,env,2026-10-08T14:07:36+00:00,544,768,5,af3_featurised,5.1
7NGW,UAW,no,data/inputs/7NGW.json,2e36ac3ae47dd0a35e2c79e3a54325641ae49b6aa20b41605baa975501c8263f,1649886,8861b7ad0d677d8417e4b2d204a1a814757a0d7978c9b8e429f70da9f0d4cc02,6de9a7e723d552aae957bc1af1d9a926ac8f09b41b4e3c25d2b801eda5ed4dc0,5678,https://api.colabfold.com,env,2026-10-08T13:57:10+00:00,233,256,5,af3_featurised,2.1
7NP6,UK8,yes,data/inputs/7NP6.json,bea7cbe18d76da8835feaa7f30b6b67ab3e53bc2a398f5c3fec5e8e6f009006b,934357,32b002b262c1a496798a5c23fc3685393ae509f17b442845315bf867e5f76201,bd773efcc5cc54fe93704fd0209dc09b520c3c341db6961197b1e1651ee39cd2,2838,https://api.colabfold.com,env,2026-10-08T13:42:05+00:00,279,512,5,af3_featurised,2.4
7NPL,UKZ,yes,data/inputs/7NPL.json,ad6cfd126cc4515a32eee3dabcf07d863ea90456cf8904a398e28e9e11386cf1,5628279,300eb85d5c8e0d1c0b846b400ca67c9f32728a65e81dc5578750912989ea3326,bc1fb789e33a92f9e59283cbb1cbb25e84eb199c54febc3554141151a92c02e7,11440,https://api.colabfold.com,env,2026-10-08T13:35:28+00:00,431,512,5,af3_featurised,4.8
7NU0,DCL,no,data/inputs/7NU0.json,2fdfeac8f9d4a27176563320a06716ab5f3a8dcfbaf5a41539abaae22812d6b2,25738442,f0607646deaf1d343f222c7af9569e680dafd446d290045fface31eb1ff85f2f,c0c1d298cab0b1cb1d4950f3f07d04d9c8dfbfda4e50e416f3f9cb6315dc5a1e,26132,https://api.colabfold.com,env,2026-10-08T14:23:38+00:00,885,1024,5,af3_featurised,13.6
7OEO,V9Z,no,data/inputs/7OEO.json,31f669705e259983a20eacbe301ddf16c644d81c2d20d72b2b66a88a0f2c1dd3,2661400,84b955a6df00b9edbfe7c2c03d12b55dd68951d6164f0958d88700565fb1c54a,f8ee857f422948c59fba8401ced8d633c31c0d9b49879cf80b8ef545ce2bf845,13742,https://api.colabfold.com,env,2026-10-08T13:55:35+00:00,149,256,5,af3_featurised,1.5
7OFF,VCB,no,data/inputs/7OFF.json,30f4b47ae24fb0f58d5a716e816c3b378be5a19397b463be886714bf90b66f6a,4534170,7aa266e30f684adf31861a353b8345f76c5eed1644d667c1bdf617317c45fc01,fc50cac311a032e7bf1fa22e755852fb7af8d2354f7ad8cd3a3dbb357aff0067,11815,https://api.colabfold.com,env,2026-10-08T13:54:54+00:00,331,512,5,af3_featurised,3.5
7OMX,CNA,no,data/inputs/7OMX.json,4a02602fdd9678d84c1b3c00a95d74bf6209657ead76b8c7aa90ed9f8954f97e,923269,007691873db23a2b09965f25af8d624bdee434bb5f2203929eb70ac84064074c,58d736c4ab538444dfa9820571b8a9b9314630b6f10359611ea1760270ff51a5,3156,https://api.colabfold.com,env,2026-10-08T13:21:10+00:00,254,256,5,af3_featurised,2.4
7OZC,G6S,no,data/inputs/7OZC.json,31d7de4f00d1e4015bacddc385752b8f0a9d67ffea8bae4f6be177fc6ddf2072,10094665,1b8e9f7fa96dd4d262b05928e5182dbc74e068049c98c8e4a611f41e4402b5d4,b808a63a9b7ac0a92eb794e5d84822a2db19bf96740c412e3687099898fa4e5a,16721,https://api.colabfold.com,env,2026-10-08T13:29:28+00:00,532,768,5,af3_featurised,6.7
7P4C,5OV,no,data/inputs/7P4C.json,50d1232805015897cab608c87ef01e2d0a1a3a5bba34885021d3a8c55918a854,11346783,e8fe1d94b5339234ca44e379833a252d1eac6f4f704536e40028eca055db0726,786452c8582c3b59dae5de85bff7298f52de2fb15dfe8c88c380517c376f0d4d,12128,https://api.colabfold.com,env,2026-10-08T14:20:57+00:00,852,1024,5,af3_featurised,10.1
7PGX,FMN,no,data/inputs/7PGX.json,b15e4ca7195ed9e2005b462d3c9ca72c1873bc97ff2d89aa7a1c5c526c4f17b5,3128606,4a6ddb6feb45d4f878f6452df1e11bed600d81f74096f5ab64ba8e92251302ef,831132e57967c2170962e49eb940959f32eb4e1e4022a81fad94eec194f021ca,13909,https://api.colabfold.com,env,2026-10-08T13:51:30+00:00,177,256,5,af3_featurised,1.9
7Q27,8KC,no,data/inputs/7Q27.json,6100977d7c7804b38a6ee96054fe6d3b2ead5e0285dd3b0162b1910b8af95cf9,6130084,1a4673966eab6437757c40aa9a0e6ce45700a234e52ddc74717b7ec64109f6e7,5eb3e33ace43f622b817c65013407c5d4be06f40e0a86b4936236e52b79ba3f0,8942,https://api.colabfold.com,env,2026-10-08T13:28:55+00:00,632,768,5,af3_featurised,6.8
7Q5I,I0F,no,data/inputs/7Q5I.json,6e9f01a8c597d7c57124e423d7309771446c0641c2d435cf00eebf9f6b51328e,16126315,a4eae8363ad16eea6c946666e11709ab1e6d518c97bd1b0f03efc90aed738303,9af16366285ff00f5aaa5bdff2133d8f5ebf5895fa4c2f9edb43360465cc32ba,17438,https://api.colabfold.com,env,2026-10-08T14:01:53+00:00,870,1024,5,af3_featurised,11.6
7QF4,RBF,no,data/inputs/7QF4.json,5f0d6bd0ce0e0cd5de8ce8e024f25ec29a7a1c3d705e633ed5794a1c11e88414,2768042,6fb758a2f118efa50927ef798a83855eae8f5ad421967c19c35f0ada5e8ed1b6,55a1904b5981a4cb1fb0689c87831435a3e85ed750351b8a647ea06c9a1e5ad1,13443,https://api.colabfold.com,env,2026-10-08T13:53:47+00:00,155,256,5,af3_featurised,1.7
7R7R,AWJ,no,data/inputs/7R7R.json,096cc1375ab4a87fa136f19a4005725fa6e07259e91fffbf2c4386195d161177,5912246,e6fb76160b7364877e016df2d5cf7175fcac4b05ca61e58a00bfb36da0dcb4eb,aa05e1f28fb073c375a7a126b39e2297efad457ac1797d1d8af38208968475eb,14282,https://api.colabfold.com,env,2026-10-08T14:19:34+00:00,360,512,5,af3_featurised,4.2
7RC3,SAH,no,data/inputs/7RC3.json,f5fcbce819619f25d1ba3d1d52c7f76a9c9c01c1a8f6af93f9b7b71a0889780d,334259,bafb7256cae660ead71ee889f398a8809e3610b9a95cc76f1bcc56fd4b941657,e54b58f20eddf249dd153ab8b9fefbae73fd312053ac3b0e9be40f4fa36ee4d1,718,https://api.colabfold.com,env,2026-10-08T14:10:25+00:00,410,512,5,af3_featurised,3.2
7RH3,59O,no,data/inputs/7RH3.json,a0c2b1715c5f30f3ee7e505632fbe3577ab66d78d939bafe763c6e2ca8c6fc87,1468800,3c8b9430fb1c11122bb966c192a70628917f61c8acf4949811db819eb4e7c07a,083ce329e330012e7ea78abefcc30fe32496a11efc5b6387eeefda2a50caf04d,6774,https://api.colabfold.com,env,2026-10-08T13:49:52+00:00,172,256,5,af3_featurised,1.6
7TOM,5AD,no,data/inputs/7TOM.json,49a20da9bc1ea63c2d5ae67ef6a0ace2739fa547bdffc3badb61118ae156f6b1,5819778,c981771ef4acbe61cce1a1c476cf938000e883b7c491ee7bab4d5c1e1362c5c7,e2055f74b062c732079829cf4533c2e5f0a9db5c21ba2242e16ffd2591ad6068,9500,https://api.colabfold.com,env,2026-10-08T14:13:41+00:00,544,768,5,af3_featurised,5.9
7U3J,L6U,yes,data/inputs/7U3J.json,615b450e9bbdb8412fd93237922b2493f725c1bdc99a5593c01df21099bbc284,715181,2c0e2584aae9ff60e48a48ff9b21f3f513b93e4a792718e9fd61f779b7a3cf60,6506b63232a9e4879fabeda642a4f75b999bdc2d98194690569907bc0a573459,2783,https://api.colabfold.com,env,2026-10-08T13:34:56+00:00,205,256,5,af3_featurised,1.8
7USH,82V,no,data/inputs/7USH.json,ab1736eefaafd814d5dba1e41c1d8f7b3729f1d80caeae1b6bf876486d307946,2571344,ed8e148f853631a2b7609e3e38a9d4b8833c07f1fbddb8b3d7b309b7263f34d9,4b3cda58d217cbdf8b1c836276a4de4f72939fe41a1c67d9aa2064d95d2a5fae,13705,https://api.colabfold.com,env,2026-10-08T14:22:57+00:00,137,256,5,af3_featurised,1.5
7V3N,AKG,yes,data/inputs/7V3N.json,a87e4a98d8969f15c6d92a17da0cf3c2d33a8f69708d260d7bd4547ea756805c,575578,f78dbeafd428e16d724fc20a7a1acfc52f107bac880adea6fec95c262250bd7a,ca1c53d547bcd24a29f4d9adfc4a0fcb9082e6a32cc529531870e1203b695364,1408,https://api.colabfold.com,env,2026-10-08T14:47:21+00:00,338,512,5,af3_featurised,2.9
7VBU,6I4,yes,data/inputs/7VBU.json,4d395b90e9747318c88b432a05212710d39f2e4be0a8ee94d20aca2acf1fc59f,3190301,1dd03633aadf3baa9742170db336897c409f18554a7059602781ab863089675b,0ea2987ec18f7c3d07c246aa05b51c5673cf9c7e9653ddced3587fd8614394cd,6413,https://api.colabfold.com,env,2026-10-08T13:30:07+00:00,411,512,5,af3_featurised,4.0
7VC5,9SF,yes,data/inputs/7VC5.json,110c891f3dbbcad5459ab11c6e232465fa233dce30dee30a81d9bbca37691361,10512806,34c357eb4451f9068ce28a1c1c1b6b4817db8abe461fed28f746f11656dff17b,6a5034695e0f917a51246e7a2a0518dd6e888de86c29844a20aa1960306ea533,17998,https://api.colabfold.com,env,2026-10-08T13:42:38+00:00,522,768,5,af3_featurised,7.2
7W05,GMP,no,data/inputs/7W05.json,844325af39f46a36ead06d51352383a29fd44c6b9c5bd3a5ba622afda259d213,339345,8efc959ae4f1f6fbd443dfb5a3891f1ba3b41f789915bb519034ee0f84f07f0a,4bbfcfb7873f946cc132f865301a0279638dba546bc2962ee679fd492f3fd8b8,1856,https://api.colabfold.com,env,2026-10-08T13:58:16+00:00,120,256,5,af3_featurised,0.9
7WDT,NGS,no,data/inputs/7WDT.json,4b5cf492785f0f62181a7d576b78285c0ea716834fc47f90e5c165cc242f7645,9054074,dba8a018a52c0d2052c0c8362ef8208b510cf2777beea5a8289ad48472e5ca24,b22d503e7abe2e9e8b58e92eb5620a1a19ebce097e1386c14bd14f7416237399,9926,https://api.colabfold.com,env,2026-10-08T14:18:58+00:00,848,1024,5,af3_featurised,8.8
7WJB,BGC,no,data/inputs/7WJB.json,6af0078bd8cb82ee3b97c02627d5be1a5b0ffa452fae52706ed3861756aee76e,10976800,69840bbd07459ff53a8df774a03dbceb6f4b2981997900f67b622bef546299ec,357075c7cff69f921db975613e631c83f21a5a6b6845f589ea47925008c83d9a,12790,https://api.colabfold.com,env,2026-10-08T13:53:12+00:00,770,1024,5,af3_featurised,9.4
7WPW,F15,no,data/inputs/7WPW.json,edca89a8506b9f5fd18e6a8009010ca744a5b3d0a7fc338d7fcc2c54693a84d5,1996998,15321c6a24653503fc98383e4edc446dc4783b8f9772c7b92a89416d3359f581,a30a3e54222d784ed658a213c7e6f9134195cb9311e83ff21e864f83c07f4231,9554,https://api.colabfold.com,env,2026-10-08T13:27:50+00:00,150,256,5,af3_featurised,1.6
7X9K,8OG,no,data/inputs/7X9K.json,f49ad9e2e3dd2c43ad7f0e093d420162fd9cead812c3bede1c518d0cb56c4c28,1770708,aaebcfcd8fbd82457f3b8d54be2853eb96c5b30a2feacee886652f8fd46bd23a,c715b40e86dedd6bbe18cf6a95d6864bae167ef87c2310e317c7dadb3c356e48,8617,https://api.colabfold.com,env,2026-10-08T14:07:00+00:00,153,256,5,af3_featurised,1.5
7XBV,APC,no,data/inputs/7XBV.json,e0be8a0907fcd1689a25fca5e64135fd3ff1b2bbc819283d6339767052b15a33,11182314,3c6aa05b560af5249f7e27f4d80b6ad8c6322ae225d4c09e50ee207b9654d8eb,56dd6bee28cbb48ce261f4ed763ee45ff815807706755d1e283111f7fe47ec41,18115,https://api.colabfold.com,env,2026-10-08T13:49:18+00:00,544,768,5,af3_featurised,7.3
7XQZ,FPF,yes,data/inputs/7XQZ.json,4b26cd93272149bd121f5b203aa5f0be9519669c5aa0017e28bbc6d6b47d3a58,1890560,5b983ebd2ddf188b4a04ec50b33eafc7501dbf024b287be0d4f1c1e2db59eb83,f5c66be66cc9c2c3339cf551346eea6828d95b4d3836e5850163123a6d998835,3152,https://api.colabfold.com,env,2026-10-08T13:52:39+00:00,539,768,5,af3_featurised,4.8
8A1H,DLZ,no,data/inputs/8A1H.json,622cb6a4d6935c6e8d13d67d6782a83607d1f79eca7ead658c2750d31531337f,5346501,a26812afaa4aea41a63119c0cfd77980aff860939b720815f30ea11a62d99e3e,53071cd407b578fb780cc49d34385252da0a82a70406c9a4677f3bf60578922d,8651,https://api.colabfold.com,env,2026-10-08T14:01:14+00:00,559,768,5,af3_featurised,6.1
8DHG,T78,no,data/inputs/8DHG.json,5a34dc5f14d88cfab8bbf77088ce4337b0ad12a35ae71339c6ab5fdfc3751c09,8090165,3931eaefd0a118ae162768a7e3561db6d07e881e6dab7bc59958d8c8a2339b14,72235ae0ae5fd8c18f2984bae55a7ce805eed6011f789cec64910b963f5e77ec,17750,https://api.colabfold.com,env,2026-10-08T13:45:05+00:00,404,512,5,af3_featurised,5.1
8EYE,X4I,yes,data/inputs/8EYE.json,77c3ce3baa6014abe647fe675b694ca1d772b8384d9c78f89c8a3690f95efebc,8050393,1802caffa404b7f28266c411f44d04748a2121c5a0a6ef59087ecbb3100a44b6,5ad568f4e6a94071f9083bc27fdd19686d8161b755a6007c96d03161cb48fc76,8168,https://api.colabfold.com,env,2026-10-08T13:28:22+00:00,931,1024,5,af3_featurised,10.0
8G6P,API,no,data/inputs/8G6P.json,eef8167d112e36380056cb53e50b1b781125f9b0952f59de49d46d4c0ca25e6f,9684529,f822ae740ce76545770299b16c664824614f5bcf73fac88d29cbccfbddc2588d,cfb8f13420a109192ecce8f9d7cbc735a1a7f78aeb7ebe12a5fa531af0d07c58,16250,https://api.colabfold.com,env,2026-10-08T14:49:15+00:00,521,768,5,af3_featurised,6.3
8GFD,ZHR,no,data/inputs/8GFD.json,c8aeae46ecb643f8c8a26af5a48bf198b9b71172e574c1103d78cd8395aa8ba9,3452884,e8c5ba55fea9043dfcea2dc93793e7c30e40f58064d56728937be07031668809,cbccc2c95eaad116d93ec91a5162aab62cbbf28d89f92874fe98415482cc362c,5516,https://api.colabfold.com,env,2026-10-08T14:20:19+00:00,570,768,5,af3_featurised,5.8
