posebusters_id,pdb_id,ligand_ccd,status,reason,n_protein_chains,num_tokens,bucket,bin,source_sha256,rcsb_sha256
5SAK_ZRY,5SAK,ZRY,eligible,,1,437,512,257-512,6d060f79c4d9239a48cf560c1013243bd61003b0df776f7593ad6567e5729338,b01623f2999b5e15aa597d4f8add557c5f89931dacba22147f218894fcd4cbe7
5SB2_1K2,5SB2,1K2,selected,,1,351,512,257-512,a4d88ab8027f044b294eaf326ab30f01927feef4addcc6550f63abf87ad390ab,124e91e6e36982b1fbf2ee56d74de891bcd7f7396f42022b27bd921f17fdbe1b
5SD5_HWI,5SD5,HWI,selected,,1,208,256,le256,30a1ca38d5f047209fc65752e9a7e4a643d929be7f8d5c06eae303371e266ac6,a50f84294845f0144ae6b32bbf443ddda0f2c2f1eb409db30bed0050a30412ff
5SIS_JSM,5SIS,JSM,eligible,,1,375,512,257-512,cfe0f5722634fa881f9b1d313a3712dea78d20cdbe2367f32d8191f6382ffd9a,d3e5a94d7151becb455a0ace939a5a9591035f6e126821dbb799afea4a64ccb5
6M2B_EZO,6M2B,EZO,eligible,,1,415,512,257-512,de067961294fa2a93f9969be979b01a07318146f4ddc8fab1491ff5f183fe18a,2a2e0b5caf9a3e4e47e08c9f9a2d09918f316cec62d9f426c3ebf7387de003ab
6M73_FNR,6M73,FNR,eligible,,1,399,512,257-512,2e2856824126e0cf5ed45dc6d1bb146e784445dcd62e640249847f93b953c997,80efcfc1b3ee0d6ee2c36a05c6c0f13640006c77dbd2e21eaca1305c617f46c5
6T88_MWQ,6T88,MWQ,eligible,,1,470,512,257-512,51f1829b29c1704f0a0b2598130dde403c0ba1efce006521124677c968ad5851,bad12a8cf87cf3ba28f8da2b1d03633da87306b225f11d27c3c179e33e2de992
6TW5_9M2,6TW5,9M2,excluded,3 protein chains,3,,,,58103cb1cdd29cab8e80892d6800e8395268e33697ce9401342107e2220c1243,
6TW7_NZB,6TW7,NZB,selected,,1,447,512,257-512,19a178000c5866ebd4b5ecc595e8986fcf40c64f871eded0912c58e96b1ba0fe,5be3ec87497e63ed98344b639162c8bca784242972fb87f0be402bee57e3101d
6VTA_AKN,6VTA,AKN,excluded,2 protein chains,2,,,,344087a778131cdff686b5e60ef6d5c39b603fd1a43d0b97f9911c429b06be48,
6WTN_RXT,6WTN,RXT,eligible,,1,332,512,257-512,afaded7b307b222cf39af23fff2eff83fcbcddc5ae7c46e8e823e0b47969c633,642ac247366b3b4ca75aca893ac402ba0f7911b804c72eddd0635ec31cd14d30
6XBO_5MC,6XBO,5MC,eligible,,1,352,512,257-512,3dcaf3bb27d8e57d7172bc5f75f3c9d045671151192d87e59295033a5de2a7c4,03ef548a19523e8b55ebc360148f0c576e834b08d4ad0fc9727596eda75ae155
6XCT_478,6XCT,478,eligible,,1,361,512,257-512,00e70d6c975f3f52e56b1ac1f46be5ab27eed21f1dfcbdf658aa4f3cecf8c444,bbbad5ec2797885fe8e1ed6f4f7b3f919f5ba5b963a75a0b9056f7dfcd738e86
6XG5_TOP,6XG5,TOP,selected,,1,186,256,le256,aaff25f674486998b07e2f52b44299fd01ce27f827f890a8ea9a7eef77603093,cfd594bfbb9df0bf56673ccc7c74369744dade11ba85cdbab2a24e70afed8595
6XHT_V2V,6XHT,V2V,excluded,6 protein chains,6,,,,94eff8ec891e05c3f9cd4f6afdadbc6c7790fe19599d07b9a4c89db5b14d1cda,
6XM9_V55,6XM9,V55,selected,,1,500,512,257-512,df3d6058d12ceef23ffc1824579d5da5a945de682e0a4c0d6706c38adb5f396e,0fae96e22a680c51cbc271845ae4cd0279f2d305c598dcd71497e9157c3854ee
6YJA_2BA,6YJA,2BA,excluded,2 protein chains,2,,,,38bcbbfc3b0e8bf0938358cfa655e83825f353a1aa4676e17913317cd3c9e336,
6YMS_OZH,6YMS,OZH,eligible,,1,351,512,257-512,9c98da073d3b430657badfbbfdfcc6d875a996a41ba4262077b9f1d509235ccf,b0614a1685a652e25700d92a7917382cfa1194c7341feeb34904daa3a1d49937
6YQV_8K2,6YQV,8K2,excluded,3 protein chains,3,,,,b61d255a9462f24df930d50463db4d2aab6fa9b79fad3c84f07e8978a5803647,
6YQW_82I,6YQW,82I,selected,,1,117,256,le256,b604acd0fb5e25b3643f6aefd7f2f1d03c4ed64f306622c3ae4f260d8e931c47,8e2d18b0330e7ebb93fc3af0f0d5ba62b78894110557fe24005224a8cd589a51
6YR2_T1C,6YR2,T1C,excluded,2 protein chains,2,,,,e887ab809a4f9c0be4001a6edab35d1449ddf741ad4a77eacd140245c6848259,
6YRV_PJ8,6YRV,PJ8,selected,,1,595,768,513-768,a035da0b538637bb47aa6c1387d64b37bc6bfd69758d240b1e90f28ed3641a70,39642f73b0012c5b1ad284c6eaf7747faff4be59db7b63ebe8ea310d0f2d358d
6YSP_PAL,6YSP,PAL,excluded,3 protein chains,3,,,,1b3e6e3c066955ed4a03fb9750560e0da393eaf3fc3a20866141063e7996cead,
6YT6_PKE,6YT6,PKE,excluded,2 protein chains,2,,,,6aea1a5a58d02d06a5707dca1139b447a2ee3287453ad4e4d7aedce0e700c3a7,
6YYO_Q1K,6YYO,Q1K,excluded,2 protein chains,2,,,,c98c15359050f2158763bc4d897f3fb50e092fe963828c78c6e02e22f2a8ca52,
6Z0R_Q4H,6Z0R,Q4H,eligible,,1,315,512,257-512,36151cb3a8c9054da49af5712449173a702beb7968f4ed497ea6601a9c25c11f,cd253cfbce01fb1c0325d7a0af83c7ce2dab01b55649f8edf57c5db07fa4fc5f
6Z14_Q4Z,6Z14,Q4Z,excluded,1028 tokens > 1024,1,1028,1280,,7174197b0987a1b483e75c73ba603008f73a6f31223e463714a2a7ef6cb5f27b,c4f2818b05113c0a4c68890d379b77e98ee511e6aa9722bf98a07dda97ebdfbb
6Z1C_7EY,6Z1C,7EY,selected,,1,355,512,257-512,ff3dadbe29cc997dd926bb9f4b0af34e3778dcb0401f7c8cdb95d402b999932d,0ee9336e1dbc8885ac71c2f5242e7e1507e4c4d82f464fbe0a8386a109ed0aa9
6Z2C_Q5E,6Z2C,Q5E,excluded,3 protein chains,3,,,,840b92fda891584f23bd15aba3854eaedd4863c7f589fb3ef6c285c10a912e4e,
6Z4N_Q7B,6Z4N,Q7B,excluded,2 protein chains,2,,,,3695be4f594054958746fcffef573e06a764ae06d02932fc31c3d495cbbdb126,
6ZAE_ACV,6ZAE,ACV,eligible,,1,355,512,257-512,20383e5868c39af66af962b7010bd7f2c7e828d8a8d9a703fc6ef50254726e63,730e2e6b29106f07fffbe55879386b2a10b6a46df51c7cd24c9585d5831b62ed
6ZC3_JOR,6ZC3,JOR,excluded,2 protein chains,2,,,,ba03c2c4ee3c611db07e1636871c3e297916255ab983e6f9c750c0f247eb8ed9,
6ZCY_QF8,6ZCY,QF8,selected,,1,332,512,257-512,38041252aa261cf3258e5061b7fabb382bc48492ff7f9363c6508ba46495a583,0b27b61c63d5eea3ddfb90f3cee28b36bc25d879fe785fdd9923ce7849e63303
6ZK5_IMH,6ZK5,IMH,excluded,2 protein chains,2,,,,6c1051a860b48d04436e71cd623f9b37528b3f295ef8b6bf3d7ccafbe3a6adc0,
6ZPB_3D1,6ZPB,3D1,selected,,1,199,256,le256,deb8d411b60121865df545e2ef4a023eaeabd7c36787f643fc7a77f1687f755d,36c146b3278e4afe00d8b52da7cc35c67685f0663fcdade538b72542bb9ac14c
7A1P_QW2,7A1P,QW2,excluded,2 protein chains,2,,,,e7a3eb4ce7443ae77b759fd506c67ede783da6ea5b473ca9edf5d2a7a0a94c4d,
7A9E_R4W,7A9E,R4W,selected,,1,394,512,257-512,1222cb0a5dc00c351b85bcbdf6aaa55f819e7e4a7ecbcd76b6fd2611674a3590,c2f9acb7d23592ea197d77fe13938f89750cadccdf28f3149d98017110950e34
7A9H_TPP,7A9H,TPP,excluded,2 protein chains,2,,,,1215f7f0d9443a3533662878e936da0d21ea85296344f83e81e358540d6b9e0d,
7AFX_R9K,7AFX,R9K,excluded,2 protein chains,2,,,,8441d8e5f683d60eac9fbb15842891492e9b7cceafee631e60a29951fd0a01fb,
7AKL_RK5,7AKL,RK5,eligible,,1,378,512,257-512,a97867e8b8ec996f37e697a5d43bd8e075a80848f882a32614b36f377131b1fa,d5cc1ab19e7ec1fb01f8d86f47edc980d195ddfbf561fc7e9b6ec2fa87823197
7AN5_RDH,7AN5,RDH,excluded,2 protein chains,2,,,,b196ea998f7ab547189e9b91a72c11efd19bd63d476a82f9fd0be3cbb3073947,
7B2C_TP7,7B2C,TP7,excluded,6 protein chains,6,,,,cdfa32529a28753caae2604e9a65a569106578ef5641091e97b8923a72a0e87e,
7B94_ANP,7B94,ANP,excluded,2 protein chains,2,,,,5e2ffa4796e94bb1bcda6e3facf7beb7b63d8284f833c36ffa0052307d79ec8f,
7BCP_GCO,7BCP,GCO,selected,,1,352,512,257-512,91e969d35cc588c49a257e383dd7a2e8a38a03d93cc4ab6f361a34f898bc4d2f,eb38fb0d22d0e27fb4ca73313a6728123d47b7c38e606d6a6946c46305525150
7BJJ_TVW,7BJJ,TVW,eligible,,1,307,512,257-512,e83eb6ee8e80603cafa40ea1b58bbb5a92f0b14760dddf7019c52d71e54d438a,c07f910b3a190240f53b248c2778887dfb33cd4d879c9b7346233fbd3c075058
7BKA_4JC,7BKA,4JC,excluded,5 protein chains,5,,,,357cb76176e762fcfd40bbefa73d8d480510b238e28be645480b1ed6ccdb5bb0,
7BMI_U4B,7BMI,U4B,excluded,2 protein chains,2,,,,e509eb17cfe0f42b745c53bfb34140494de466d1995a471c5d99b50559a5e56c,
7BNH_BEZ,7BNH,BEZ,excluded,2 protein chains,2,,,,cc05c69e36cdb8bd3339ffdd38354f0e96f89bd8d060b37d77d015204fa010bb,
7BTT_F8R,7BTT,F8R,selected,,1,360,512,257-512,c0c2010660616c0c679b28f0745ecea83d8ce60eef29cb29c6566109355fa70f,9dd61ddb8435c263dc59c95d2f0d3eed6e1682fe5bd1317ed8157764e74de0cc
7C0U_FGO,7C0U,FGO,excluded,2 protein chains,2,,,,774e197d182fc2180034b519105552037edd031a040a0558958559b579f84c25,
7C3U_AZG,7C3U,AZG,excluded,2 protein chains,2,,,,3249919e3f62a689fb1916aa2becc6cdfac8723abd705d424ec303f6342a624a,
7C8Q_DSG,7C8Q,DSG,excluded,2 protein chains,2,,,,e83aa64bf54473bb79adb1b5ea684bf7081972f3517b53c0cb6291d911cf3055,
7CD9_FVR,7CD9,FVR,excluded,2 protein chains,2,,,,cb0ff3233f3224b68df7dab04f102bb217d3fba1662d9fcfe8ecbdb3cab3cf6b,
7CIJ_G0C,7CIJ,G0C,excluded,2 protein chains,2,,,,172b92c47b4b66d1c3d322b40b7edf769ceefe1c7207f8a78721f881c0836f60,
7CL8_TES,7CL8,TES,eligible,,1,441,512,257-512,4b9839aee8dda32d0da60bb8efb36b5bdfd09cd7a242592889e735587d254e00,520f3a89638ad6a2490f556f8c2c2901964f559a3343f50948754360696a1752
7CNQ_G8X,7CNQ,G8X,excluded,4 protein chains,4,,,,bd51786af3458640b4e9610250678d4d8e3772e8958ea3842db92c6c842590ee,
7CNS_PMV,7CNS,PMV,excluded,2 protein chains,2,,,,96a107b79c77ad88d1a3a84c18bd19ffe502a9dde7939c6cfe5736f91c9908aa,
7CTM_BDP,7CTM,BDP,eligible,,1,495,512,257-512,7b54783b5ae4dc3c246f8f34e434faa54878a71f43f46ec273b5af4fddf580f8,b00a6de35efff34d200ccc0fef21f3fa97980d0896f430f813c13c7d9da29b61
7CUO_PHB,7CUO,PHB,excluded,2 protein chains,2,,,,50e54368914f244680dcc01f7d9164c8c6c76f45ea6379ad39e8ebe788cbc07b,
7D5C_GV6,7D5C,GV6,selected,,1,1023,1024,769-1024,e717c2fc9b2f459356fa5f15f9e9b027fbbe3bcec4035376e45e923c195d5c80,f0bb9742efda4356c1be2079176690c4166d2865aebc50867603275580c791b9
7D6O_MTE,7D6O,MTE,excluded,2 protein chains,2,,,,0061f9767c19ec4722340ae15b0f7abe9eb47eac01ce871e375a834dbdb9632c,
7DKT_GLF,7DKT,GLF,selected,,1,811,1024,769-1024,51cb90c36b72a6701bbbb960a1e242595eb8c3aa11eee79e480df96154396c5b,1b15368a8f81e5cf7ecda54720720e9b95c06119630dd7cf0442eb2bf64f9a01
7DQL_4CL,7DQL,4CL,excluded,2 protein chains,2,,,,ef51a312906e18e053b7c62c2b4f85040b312d9d26a3d52b536b36b5788cba30,
7DUA_HJ0,7DUA,HJ0,excluded,2 protein chains,2,,,,064a61a7d52f1191f71666fd1d691f6ccebe81614d423b3bc542a5423dd82232,
7E4L_MDN,7E4L,MDN,excluded,2 protein chains,2,,,,79bc9a8072bfd07ebb13292f8fdcafc02744b2ab86446f46793c3fbfb4691e93,
7EBG_J0L,7EBG,J0L,excluded,2 protein chains,2,,,,d6488b425c0d9e30a0f504cf39da6bb15cda7b8afaccdbbcb3775a6390a39f03,
7ECR_SIN,7ECR,SIN,excluded,3 protein chains,3,,,,ac824d31807a029e7a7da192b0cfe95885e09c63e5ce9266cb51d361d3ac6b9a,
7ED2_A3P,7ED2,A3P,excluded,2 protein chains,2,,,,16036db97688067791df970b07b0e7b11b2439ab82d88d5887a907b86dadfc10,
7ELT_TYM,7ELT,TYM,eligible,,1,381,512,257-512,649948c6b055ff4a9fb3e87608fa4b86f22da3e841e34a92001d5d023e0d180a,89b4fdf34b880bc58941ee0552eabb84c20d7552801ff2ea7e1e4d7cb35da793
7EPV_FDA,7EPV,FDA,eligible,,1,438,512,257-512,32f90b04ca8d8bed2fd25f46f1e5858a75867e98bf21bdda139fe28baa9c89d5,d43cadf2a5dcb2a24d19aa89ecb322feeea0541edf3192fb49068735f002afac
7ES1_UDP,7ES1,UDP,eligible,,1,495,512,257-512,a0af7efc5604494690923ddfdd05d0cb36960db443c036077d872364834adf35,27e9c95acb6e2205f1d1b98d331882b4f19ee40fd1f300d935846ec99374d83c
7F51_BA7,7F51,BA7,eligible,,1,331,512,257-512,5d3dcad9ecabda2b7c3e958ea761904b9158041186345bf34590b1007493dd08,70e0ce5cebcc9bbe27e970c9d6eb86a6a147ddbd4937ad885c11e6b100b6d071
7F5D_EUO,7F5D,EUO,selected,,1,136,256,le256,53f2cc0fda671ea6054f503577d6532225ff2bb1c36a03a825ab32e9a5714238,60d1289c86ca06d86cdc2ff6a8ea877956194f540f8fb7c31a9ae3bef832192f
7F8T_FAD,7F8T,FAD,selected,,1,535,768,513-768,4339c5227981dcd354889d060c121bb9d94b19e98dcbce3ddecf793e17a5a9c2,b982b06ca5d8ee86cfb383ecd69f68d5f751fe522c1d86358b078e7d72163bc5
7FB7_8NF,7FB7,8NF,excluded,2 protein chains,2,,,,f6b363ca0c64362a3c43e09075c3af510b2a33479dbe90c3700cb52cd58f3cbd,
7FHA_ADX,7FHA,ADX,excluded,2 protein chains,2,,,,1864b40687336a2c5821a7d623150dff5d66db081812a460c57325a125324acb,
7FRX_O88,7FRX,O88,excluded,8 protein chains,8,,,,b43d43bcdc09b44928fc84a064dc479add5dea475d46de67cf9a450b3606d465,
7FT9_4MB,7FT9,4MB,excluded,4 protein chains,4,,,,df6d87e8446aa853c3370763b9b50e90b7caa1ec493e579f520c3b5be45aed1d,
7JG0_GAR,7JG0,GAR,selected,,1,228,256,le256,15994dbc9c65d4ccb746216fb3c7daa7e69c99901908d45440e5047acdf54ccb,b709871863d3efb645a71330546c09cb44e102f4def905260ea859cc85971103
7JHQ_VAJ,7JHQ,VAJ,excluded,4 protein chains,4,,,,ecdaa3f767dac7effad5ee88c26062360c867a8078580b9da8e57cd270836193,
7JMV_4NC,7JMV,4NC,eligible,,1,254,256,le256,e8e1dd5f6e7fb8cab68aa06548d3e480e265d3823290c09b6a03486cb14ab14f,762036a26bba7255b704d396c33489f37d6640412999ee58af9a292f9afe584b
7JXX_VP7,7JXX,VP7,eligible,,1,357,512,257-512,a30714e35972917d86955740ebc075cea4a2cc4d7f031deff0dc1b6eaeb0f918,5e498f2c1c80c12a059a0f99e77da41e98b9c2716e99f9727cf5ad3d0a3e2c7e
7JY3_VUD,7JY3,VUD,excluded,4 protein chains,4,,,,0536ed7502d6db6bc33599e25746aa4c989e9e7a245b20b0bc5f3db509dafa48,
7K0V_VQP,7K0V,VQP,excluded,4 protein chains,4,,,,e3ad70856438e9710cb225a9bc5c3efaa66e9fe587f442eeb70b9500bedfc2b9,
7KB1_WBJ,7KB1,WBJ,excluded,4 protein chains,4,,,,4de17096754b48993d47ead2605780d4c017aa61afa127ae028defaec78c83c3,
7KC5_BJZ,7KC5,BJZ,excluded,2 protein chains,2,,,,f113dc65aa442169a73f2c0c58becc71505000de71d2059573a29b2cff47af5c,
7KM8_WPD,7KM8,WPD,excluded,2 protein chains,2,,,,9c17da6f4e5f013771c0c83e6635972299df60eafabb50c2b662c51626245594,
7KQU_YOF,7KQU,YOF,excluded,2 protein chains,2,,,,229b30ed9cdf6012ec12c1e509fb793a83592b903d30ffa0c0e6b4bd3a933a0a,
7KRU_ATP,7KRU,ATP,excluded,2 protein chains,2,,,,005fce68dd3efb5ff272d793ecf6129c706688c621401e991bbebccf18e9c107,
7KZ9_XN7,7KZ9,XN7,excluded,2 protein chains,2,,,,2df8f39aa70dea5991d660028e447fb5c4463fcbf47cd0fa5cc4effdcb174af9,
7L00_XCJ,7L00,XCJ,excluded,4 protein chains,4,,,,edbd0b8e411abcca7403aac988a83777f1ff9f29471380f750af5ef12b00b688,
7L03_F9F,7L03,F9F,excluded,2 protein chains,2,,,,b3bf2ff2a88a9489d6e76a3b6874e80f6d6b32c06fe2cdb5874cd08b5d9c6e80,
7L5F_XNG,7L5F,XNG,eligible,,1,268,512,257-512,a33b1dc0b7a096530265b0378a5ac361acb63e201c930af8163b671e6b72e4ab,88a8dde11455bd66fb8175691f46910cf987cad64f20f9220ef80bf7e26088cf
7L7C_XQ1,7L7C,XQ1,excluded,2 protein chains,2,,,,f98a0da608450df7c4b29b39b0967a22ab59d6a3414081436b0049f4bb8d9794,
7LCU_XTA,7LCU,XTA,selected,,1,529,768,513-768,c46f09dc80bcea5e24d8a7a75c6b1c08c6952f709b53ac4ebc45a5390c6c7a02,48df802c9a26816e45dc10b3d50399097994caeca696b845cd3fdd0b51d67dd1
7LEV_0JO,7LEV,0JO,excluded,2 protein chains,2,,,,3f3156289b191b37b4a6a856d557befb56c4caaa3312afd3ee365d336d68aaeb,
7LJN_GTP,7LJN,GTP,excluded,4 protein chains,4,,,,71493a7e169fc529f52eed6bd87911ea08dbc583c890d2e21dcd642569bdb4f5,
7LMO_NYO,7LMO,NYO,excluded,2 protein chains,2,,,,c6cf687a6e860e006156f09e7aec49bd80f69fc98b2f1211ad086e608154df7a,
7LOE_Y84,7LOE,Y84,eligible,,1,183,256,le256,e778f34746598af879abb551cd3e11d6bc97adb523972b0317ab69ee5b40e81f,175e89d785d10573045e27a450ba0dc44f1d1a953073b413a8f2fcbf5c67eef7
7LOU_IFM,7LOU,IFM,excluded,2 protein chains,2,,,,5ac014a56ba9361321183f481b2afba516755ed553d0ae58f160c4179d94ba0c,
7LT0_ONJ,7LT0,ONJ,selected,,1,320,512,257-512,307bcd143a65b44407f436657c3b5e37e25ec1829979713c94d065c3279154b3,9d32856a2bea5f3a26ab73bff993aac2902fe42d140c0ba0f288ae49d41b41d4
7LZD_YHY,7LZD,YHY,eligible,,1,307,512,257-512,71503b6fcfbdd5383b8eab1c2ec25fa19246d7b9fe98c6a62ed6922376283d2b,6e0a6399c268a4ae9585e16d4c1eb2cbd5161d04d435d02b4535643f0c89c6b7
7M31_TDR,7M31,TDR,excluded,4 protein chains,4,,,,0aa409fd646b84c7555596ef2e2a980837cc67b4cf3e7042f7dd85ba9ab3c22d,
7M3H_YPV,7M3H,YPV,excluded,2 protein chains,2,,,,fb7d52fb9de7965a2ff45dd7366ade88b2dfacd4b353eed070abcaa352b248f1,
7M6K_YRJ,7M6K,YRJ,excluded,2 protein chains,2,,,,95d621a492fabca2612ce4c0646c4d8b2b64946af8bf94328bb150270d0ea8bb,
7MFP_Z7P,7MFP,Z7P,excluded,4 protein chains,4,,,,e880bcfa763073088274db404c21bd88e205d439a4addb97bcdb7e170830bbe2,
7MGT_ZD4,7MGT,ZD4,selected,,1,397,512,257-512,0c94616d218eaf7bf1cbd0e459468009af3732326f5e4abb81d193b15b2a8765,e1f041e1fcad6570d4bfc3ad84df933f140e07dc162ac786a1226c13be086f9c
7MGY_ZD1,7MGY,ZD1,excluded,2 protein chains,2,,,,be10f733e57ec31b1837be71f16e02676a9ea5b645b214ffcd3525add71c32ed,
7MMH_ZJY,7MMH,ZJY,eligible,,1,257,512,257-512,b97601008b0be520a9f8fd663e33177fff101a9b9760d7c2a8af5168eb62da2b,2cd0a7ca5bb04b72e2ca3e1f5e1b9e31869c83dae9dc4943ced2e3f00d60b68f
7MOI_HPS,7MOI,HPS,excluded,2 protein chains,2,,,,00356fc2ab96295609706e465ba377624af5999646a0718a497309dfc9ae5fa8,
7MSR_DCA,7MSR,DCA,excluded,2 protein chains,2,,,,14cf61534efd8896f0e326e7ea61c18b6c46c1a5082286f80acaea3bc3036fe8,
7MWN_WI5,7MWN,WI5,excluded,2 protein chains,2,,,,9723e9e59290a91b7958ae342c658561cad7909f08c85871afbf0478cfabb13d,
7MWU_ZPM,7MWU,ZPM,selected,,1,558,768,513-768,8a2fe180952092b1d9c7e282fc52eaaa68e8761c1887d7a5df64566dabbd595e,397a290aeb94041ac77156f296a83e3c3e96fbba55ded5511823ec34aa8bdfce
7MY1_IPE,7MY1,IPE,eligible,,1,337,512,257-512,9cbdf5acd512a5e6771a6840f975eadcfeffc2988c1381ef93fbf04d53755555,65615756428b7f5f139d0208212820acfbe6add4c40380849c1f200a2591e874
7MYU_ZR7,7MYU,ZR7,excluded,2 protein chains,2,,,,f2389d93908cae980d9bb2015f78e46bea7623851a2dc8eab2e2c2d4b53a5ad6,
7N03_ZRP,7N03,ZRP,selected,,1,186,256,le256,4b8690a39a31760ee844b7269f3fccceadb10b32487a07c72ce8ed7819817449,444228cd7fa550e44fd40a168ff9ed7b396bed2600363187f4cc7b369110d389
7N4N_0BK,7N4N,0BK,excluded,2 protein chains,2,,,,1cf73e95ae35bd528701f4d0c14a19aad43aa31df3ed7ddaaad74f297b49e0e6,
7N4W_P4V,7N4W,P4V,selected,,1,220,256,le256,2ecb26d81a2a1aba031705920b5519d6fc651d054b540f76e710775faa1ee437,018560d68449773c4d26fd5fc8b9340336b30eb76c07acc3e9edc8ce84bdf23c
7N6F_0I1,7N6F,0I1,eligible,,1,500,512,257-512,503ae49e3c7279550da1b8a74f642ef8d5ef5b558b88e648679cb237efd9d031,0f1599fc55c6c117500dc0add04cf05de29f0d5c1a6ff746082f98ba8228ad51
7N7B_T3F,7N7B,T3F,excluded,2 protein chains,2,,,,679c191362f13919a0f67d4972355b2f6ef431e9a36fb673617ef3a4e7d29c52,
7N7H_CTP,7N7H,CTP,selected,,1,322,512,257-512,c5d9a12088e37c721b1b2fbecd3abf5672c098a43e27df65b9129b43dee7851e,95bee289255ad45ac2970a493b45ef707a15f791ee80552aca401efea64412bc
7NF0_BYN,7NF0,BYN,excluded,2 protein chains,2,,,,ce1f40cece1f523646b557db21c64da80a6cd1c90f8cf51ccdb75f5eb47a4ca0,
7NF3_4LU,7NF3,4LU,selected,,1,544,768,513-768,556df436839a6e08ac228f2b1001b0a19f5aa761d88c70749303df5d50d0d95c,64ef6e9a0761d03ab88c56589f48df219428f41572b6c157411d4a28914bcd3e
7NFB_GEN,7NFB,GEN,excluded,4 protein chains,4,,,,834e1e556813ca05bd186dace6a7da8096e4049197cab5da05ce770b95ff2caf,
7NGW_UAW,7NGW,UAW,selected,,1,233,256,le256,97561c45c910a84a9584604e6f89bfaa1f44838b266c246e5a45606df8ddb044,71da88fb52adf2f8c0ad03bb0f01e73220de8040f601b4792654627c943b26b6
7NLV_UJE,7NLV,UJE,excluded,4 protein chains,4,,,,576cd75d0e21075bcee03fc645a7a0a6dd11c2ed5323804d7d4318e4d7dac56a,
7NP6_UK8,7NP6,UK8,selected,,1,279,512,257-512,d203c88c7a726413f61a008e684d764c11b821cd10367a8b707b68df2d9f4fa2,7a78708d460f9f9e46bbceb2f424223d082ec49b9f771422e4930695d11d5a32
7NPL_UKZ,7NPL,UKZ,selected,,1,431,512,257-512,5ce62ba6b3fa79908d7769d925b4c0479938d86e8cae7df8873cb1c376f996a2,3f04e7793d23db17d4ac91c6f418df4e6e706e331e808b254e9cb54e0da2e097
7NR8_UOE,7NR8,UOE,eligible,,1,413,512,257-512,247194339ed8e5853a38086241044ee479a4fa8a0061ae9b8b80a9aad4c99216,4956c3b811e884f2cb089d196a23e1bea32326060b011b752e68db72e7510bbf
7NSW_HC4,7NSW,HC4,excluded,2 protein chains,2,,,,c1327c0c00a4b4455f407f0199ac03d85a946852eb48f806dfae1224b6549939,
7NU0_DCL,7NU0,DCL,selected,,1,885,1024,769-1024,8c209c8cd0823b46449a954afc342cf04894dc6f6897f250eb0d84c8f7b10d31,b2a28d5f8881c369df1a4a971caa87e93c13ad74b3f4c1a1bc151cdbb14c8e30
7NUT_GLP,7NUT,GLP,excluded,2 protein chains,2,,,,81aff1ad43273395ad57d8897c0b918506e9aaadf955668eea1d0820660ab4d2,
7NXO_UU8,7NXO,UU8,excluded,2 protein chains,2,,,,33d41c4e9fe0205c2100e1e1fefea13cefbadaecac875628f885e85399edeb5b,
7O0N_CDP,7O0N,CDP,excluded,2 protein chains,2,,,,10cf9b1383d469fa449971fea540bc494f02b5727238c3c85cd4dee7c62a84a8,
7O1T_5X8,7O1T,5X8,eligible,,1,383,512,257-512,eb1efda8878bd4a7e673e5173c338271492f73b06b8b5cc427666e48058ac439,f3fb860d311b4e30629a142de88d33b84f13a5fc98dfad1e5d301e11f38b736b
7ODY_DGI,7ODY,DGI,excluded,4 protein chains,4,,,,19f4df2a94f6fdda580450bcf3e334c0d75ed7850a6d64dbadfb1ad9e91e8ca0,
7OEO_V9Z,7OEO,V9Z,selected,,1,149,256,le256,c560025f967a9f882615fb07a3869ae3930ce535b6aa01edfa7f79f4e60eaf13,bf0ca3f0c04f90c73fec33fcf2049f9f44b3f9378ae0de4bbfc1092e2fcf699e
7OFF_VCB,7OFF,VCB,selected,,1,331,512,257-512,a821856845288422351fca80afc0ff7c9ede6e9e0e7fa1930f11a12d1b489b52,c6be560a96c8c853b026d0e01d4ff38ea05a6567a917415ddf1bb3e1ddc753f4
7OFK_VCH,7OFK,VCH,excluded,2 protein chains,2,,,,260d52237f091f1c5e98c5d0b3b3b68ddc5e0efb2181132bc6e295969f9c74ee,
7OLI_8HG,7OLI,8HG,excluded,2 protein chains,2,,,,12bb30e7edb3f45cf9a479185e9700323fa546af34251af2b042c59f56b331b7,
7OMX_CNA,7OMX,CNA,selected,,1,254,256,le256,6a7aee7f8315f89892e3bbba3bd7845764e6d187e8ed8c1017a777b694976226,70f6f451310a30dc6e847939aa769ee2ceab2c5e01be7b1f7190cac14b4eba71
7OP9_06K,7OP9,06K,excluded,12 protein chains,12,,,,a96993cb419c6ad2719fc7d1e576017a1eff0d48e4cbd0bba1689bbc3669b3b8,
7OPG_06N,7OPG,06N,excluded,3 protein chains,3,,,,3d8abd4a2d033d51ec3e86feb122b2256aa510437c6ee58863c6df624407938f,
7OSO_0V1,7OSO,0V1,eligible,,1,419,512,257-512,de6ce1c0ff0807e0f3f0d41b2194cbcbc04b5590e066cc45257382e8ed4cb11d,f8287526bca46384d045477a0725a302dbc20fb018edfb6cceca92105c2d12d2
7OZ9_NGK,7OZ9,NGK,excluded,2 protein chains,2,,,,738f7f4bda02da891ca5cf76551d9eeb5b3f15bd645b90f440fe378447eaef49,
7OZC_G6S,7OZC,G6S,selected,,1,532,768,513-768,316a8b8419ca686902fc0852a7f6138f53ee718b4bba83c8fe33e41a2348e583,cd50aed4b7299a22dd5a397484856e598986c6b32e65ac1c9304219bbd78a837
7P1F_KFN,7P1F,KFN,excluded,2 protein chains,2,,,,cd11770d82d797468144977ccd32b6788719ad5aa96d8414b80bda3e508e9a32,
7P1M_4IU,7P1M,4IU,excluded,2 protein chains,2,,,,3d8a37508ec202e0aa9a526414c807c8c866b8b110b6ef7cc3334c1cc4f375bb,
7P2I_MFU,7P2I,MFU,excluded,3 protein chains,3,,,,48a3c00d9238c9a070964fab8f0df676adb7d30433979ab9c32af6e95e6c95c4,
7P4C_5OV,7P4C,5OV,selected,,1,852,1024,769-1024,6c4a914ace46ae91d24ab54931008b509ee23c3ab5188730e417f2e9e9d85e02,35864cd0f3a69f2b4bbb405ebd6764bce046960f471c775b3f7483207400aa43
7P5T_5YG,7P5T,5YG,eligible,,1,421,512,257-512,cc1492bd27c016c6fc4e15cdd6ae6978abcb1a9e07896f6f2fc6449380fbf9f0,e6cebb9644c7e5d3431a25b56f617172f6171c46b4c7615a98261cc881f75643
7PGX_FMN,7PGX,FMN,selected,,1,177,256,le256,20cd92e44d1b76c4b0d00a152a3087de3a6a1e8b5feccd506f31b205fde48231,03ab2f41b20e2899ee07f95c965d1fcab249fffd5e44f2bfc303c6f9fe170a55
7PIH_7QW,7PIH,7QW,excluded,2 protein chains,2,,,,4728a8e0d69407bae57d511677af2820c14f8ca0fd9a38f96b3a909444a345ae,
7PJQ_OWH,7PJQ,OWH,excluded,2 protein chains,2,,,,fed950b88bdc6b43a3778c1febad04b90b0dd09de05d3a06dbbc295f77a2380a,
7PK0_BYC,7PK0,BYC,eligible,,1,352,512,257-512,63c7cd7f0c2aa5284ed8a7467920005ca3a0ff887fea684334aae8b4c28cb306,2fcfbfd280fe7b4aed0ed96047402668797f5639a4fc8cbac421ba49c93c0425
7PL1_SFG,7PL1,SFG,eligible,,1,279,512,257-512,d6afbe2d1bbda5cd33024764abb36b7baf6ea8f54e0ac92dbba499a1d30d63bb,609ebabc73d1e424c3a14681b9886be1188907a0cc3cd97f7416f8646f122d58
7POM_7VZ,7POM,7VZ,excluded,4 protein chains,4,,,,4e8943b660571f6bd50d35dbcb0361de4de209b703cd904ff7d4b7b2c9d119cd,
7PRI_7TI,7PRI,7TI,excluded,2 protein chains,2,,,,3b8b92ba7c704d3760ec7bfa803c55887fb67ece3a496abe733adcab027b2cc9,
7PRM_81I,7PRM,81I,eligible,,1,355,512,257-512,83d15fcae723b997901912cc2d931be8d2a6967358ea788f85512021d19145c4,6c57025e3bff5c3f8cacbc87fd6a105ba662646436d8e8d725a8483c7a6246c3
7PT3_3KK,7PT3,3KK,excluded,2 protein chains,2,,,,82bda94df0bcd3d9af68248d2cd937ac0e233fd49fb9781f0bdc855aee64a22b,
7PUV_84Z,7PUV,84Z,excluded,4 protein chains,4,,,,58e31f0d5ea8725d9e24acbea9c0265820f0378e3b9b370857df9b6d32c97704,
7Q25_8J9,7Q25,8J9,excluded,2 protein chains,2,,,,0c03d9fdf9820824e2c60f3c98ed9d8c02e71e99ed3af32b2987c414d909c77b,
7Q27_8KC,7Q27,8KC,selected,,1,632,768,513-768,8332ed57216ed3ce2d77f62eacbf5ad6984786248f7da98d875a3476d2f203c3,24182ba6a8db804286b341f27fc1a962616ac1767aacb51510551c9de2070715
7Q2B_M6H,7Q2B,M6H,eligible,,1,330,512,257-512,88da6fe95e9915310736c7c413ab63d4d0b71c657cb78069f6a1446047ef2d21,a95ae7db7237ad4fa1ec34f5add6f8494cfda2f30b5ed83749bbbee5fdaffc80
7Q5I_I0F,7Q5I,I0F,selected,,1,870,1024,769-1024,24a742568ecd51318664cbf6112cfd900148a01c436791e458cf4daa7f529692,98bc71d989a451351da83d36a65a6b89ed4e1ed4352de66ad012a72e34877e7e
7QE4_NGA,7QE4,NGA,excluded,2 protein chains,2,,,,6ef3f8bf8a14749fc9477db61234321398bd7e55dc0e181fa0405d1c8e41a090,
7QF4_RBF,7QF4,RBF,selected,,1,155,256,le256,b021daaf02d3526f033ce258a5762dadbd5d96e6b1615c1f4099339e152fba71,91bc1d6ecea74aecf26b17bc237deee31a9d77df8f8522c479ebab6137e82b43
7QFM_AY3,7QFM,AY3,excluded,2 protein chains,2,,,,5740f37dd399eb52036cf974c1ad1f485825054d35a76f7d8e94179155396c8c,
7QGP_DJ8,7QGP,DJ8,eligible,,1,337,512,257-512,a0121dbe360f34a454611c839e3238c0dc251bd6de166085bdfb75d46be70789,848e8ef35a2e31fb85b7edac0941ff257ee2bdefe9917f0cc8ade87a6529a699
7QHG_T3B,7QHG,T3B,excluded,2 protein chains,2,,,,6661c599545529ad0ea15f1abf1364f01da4d0d305f3203306eb2f5f2512a50e,
7QHL_D5P,7QHL,D5P,excluded,4 protein chains,4,,,,7a55339d24a7401c48ef5d0c90ba368b75ea2ffb66e91486ca4022515290b952,
7QPP_VDX,7QPP,VDX,eligible,,1,293,512,257-512,5cd8fdeb5e005ee5e5f4f9a259e14e1ff38793ea2e9a6e6b4f9515879a8f5f38,04fa2cec939eafd532224d7325167d70bbc9f760ce5306d4cfb7f84596593b12
7QTA_URI,7QTA,URI,excluded,2 protein chains,2,,,,901bb327bd3a0f78acb3d0a7e65753d9ba7129252113d5c547e632d7153ca71c,
7R3D_APR,7R3D,APR,excluded,2 protein chains,2,,,,78200ac352594c3d307db7b4eac0298763aa574d97e55fb8003ce64d7aaea6a3,
7R59_I5F,7R59,I5F,eligible,,1,364,512,257-512,993b8d4ccb8b83c2d3e6c4ea98844dba9793677b796458a83102305556629d29,cd3f239e7cd5325e8395a7491fe922a3bdf0b3f059acbfe3abeea5e34528269f
7R6J_2I7,7R6J,2I7,excluded,2 protein chains,2,,,,7a965f7cb6ae57600f5882cb1fe5da773f2ce17a00a190ca52dca6cb5471510f,
7R7R_AWJ,7R7R,AWJ,selected,,1,360,512,257-512,7b5e3445835ee90f0a14f52faea7461f72e1839be6c0525a3d12d45d8bcb62fc,a324f7d50ce61a84d4fb303de67bfc7a3f4f69be90aa77527e5f20b2be7125de
7R9N_F97,7R9N,F97,excluded,2 protein chains,2,,,,e51ad01d933ec9e0eb65c28c76cf6bb6fa475241a38cfd02672b9f0144d8e2cc,
7RC3_SAH,7RC3,SAH,selected,,1,410,512,257-512,db17336c21e980b6e63a84e121922768eb315708e41a204410cd0e1e7d62cf97,efc210d7f4e3e1c1e12048b37c7543a9974b69e05271abea0d6193da54e62bf1
7RH3_59O,7RH3,59O,selected,,1,172,256,le256,d01e3c376c61274ff6499f8ba9f112923098a7b27063d30904c2468a67577d6b,3cc39466b5d9588b9caa0795c6ebc351c0fb150d0a3c2ff40e71858f71b5f986
7RKW_5TV,7RKW,5TV,eligible,,1,491,512,257-512,feb2960089f63c4384a549bb17f60e324fba3faeb1930e09d9662a61667cb4d0,b3fb3ed18c5a173fd7f11c73c2cff6a2fee88d12439fc0c634042f53afceccd2
7RNI_60I,7RNI,60I,excluded,2 protein chains,2,,,,fefa3ed4e9906341dca7d4b9eed25cecbd664554c5e6ec00b04e7b4e806cd0c7,
7ROR_69X,7ROR,69X,excluded,2 protein chains,2,,,,57fa917011d7ebd7dc823890ebd916682fb2881d73c01a02fddbc7b364ca439e,
7ROU_66I,7ROU,66I,eligible,,1,404,512,257-512,2e9c51cce999e3ec256f9a19a78e7bacf9761d19a64c570416b1c980b9c09265,13b9c3572cf42549ca0bcac6481bd9331548e119409e6c89d33a7d5d83200c0e
7RSV_7IQ,7RSV,7IQ,excluded,2 protein chains,2,,,,abdc80e3180d2dcabf56f17b906c45d39697560c261cb8d59cc9e3dbafc24ba3,
7RWS_4UR,7RWS,4UR,eligible,,1,309,512,257-512,93d4371b3d27a4fc0897086e5c0e502fa0b0a4df0ff6de00236b6f1303b390a8,46d3e259e61d3259ea65ce4d61217f80ea8402c4e4816e7ad398fd3eb9760006
7RZL_NPO,7RZL,NPO,excluded,2 protein chains,2,,,,d740387d52bd78902bbbf679a3482b6d493ce719c25d7e2c521a7657e90b0730,
7SCW_GSP,7SCW,GSP,excluded,2 protein chains,2,,,,63bf595a306ae7e629df949e9b4d31ac58c92bd8dd4731a828d80d3a43e5e0cf,
7SDD_4IP,7SDD,4IP,eligible,,1,342,512,257-512,acfb50247b33a3f12cf3ed1637995af4daa2e9184e5de93ea7117d9a6e35415c,c7a6510015d745074598f794c2cf32af8dace1f3b99cd0c6192b29cea9b6f66e
7SFO_98L,7SFO,98L,excluded,4 protein chains,4,,,,9858710b52c33539409f5fd3f40ee411b6d1c5a8364928d1b92d133940d81cf7,
7SIU_9ID,7SIU,9ID,excluded,2 protein chains,2,,,,7ea04d7d2e3c994fc78edeb338d106a0f37cec811df8ae04aaa803aaa6281a22,
7SUC_COM,7SUC,COM,excluded,6 protein chains,6,,,,2ce5e04ace733b0db165d3425613aac60de77e1a3d9bc2ddeaf6844b71ecafe9,
7SZA_DUI,7SZA,DUI,excluded,4 protein chains,4,,,,b30232a4c4653bfbe57ed243da25b6bb0d9bc63a176ebfc65b8a1a98c4cd521e,
7T0D_FPP,7T0D,FPP,excluded,2 protein chains,2,,,,763e987c0daef14453e75707cb01030d9b5b7ddc15895a4d5fd0895a0770c579,
7T1D_E7K,7T1D,E7K,excluded,2 protein chains,2,,,,1d630ffdb4c1fbb1f1ad77e35ddf57024cfad4689e703d8e908908c3493c27ca,
7T3E_SLB,7T3E,SLB,excluded,2 protein chains,2,,,,7538766b971a15b1a953fb6003e421f9327359a9d93c4c9a3c5568565067f7a9,
7TB0_UD1,7TB0,UD1,excluded,4 protein chains,4,,,,15493f2ad382668d4786d6dc6cede4c14296f46d7b9a4381a3872acc76b1b927,
7TBU_S3P,7TBU,S3P,excluded,2 protein chains,2,,,,710318c439cc43312a1f87e638978920a379ad7948093230d24ec3d07413b082,
7TE8_P0T,7TE8,P0T,excluded,4 protein chains,4,,,,94eaf120035cd1b433e38aa617fe662241421abad109eafec6d7d84fa453ca88,
7TH4_FFO,7TH4,FFO,excluded,2 protein chains,2,,,,8f3fb77100927980587548cf50c0afb7899a688d27d2b3fe56da5b3ad340d1b2,
7THI_PGA,7THI,PGA,excluded,2 protein chains,2,,,,9fbbee8b876f3f9aeb436bbdda01b45c223a2d73f0b11aad100c4f4bec98a350,
7TM6_GPJ,7TM6,GPJ,excluded,2 protein chains,2,,,,612a287359f64fd8dff3aee246625f744722d8f004bb88bc01bcb2a32e249158,
7TOM_5AD,7TOM,5AD,selected,,1,544,768,513-768,e5a833516218893e6ab9658ee0ba3cc35f5f57c7bb5aa8a847fcc9853faa22be,d8aa570724209f4418c473ef776abbee67dbe00ced387a6d0901661de68db892
7TS6_KMI,7TS6,KMI,excluded,4 protein chains,4,,,,4bd9ca5999653dcfd3031499aba8ebeaa8b1e972fa551e13c1b3c362c156510e,
7TSF_H4B,7TSF,H4B,excluded,2 protein chains,2,,,,c9a46672fa2bfd74379c23597c97f93a2f05c3921b8ad0bc3b5d69708269d079,
7TUO_KL9,7TUO,KL9,eligible,,1,415,512,257-512,f99cfb1999572377a6a4990d5139369ab8d4f63175cd7e69af29b3f55a7ebf88,2c4b6374e3d9d854ceab5e0ab90cb2b2ea91667180b191acd00d87cfca54e977
7TXK_LW8,7TXK,LW8,excluded,2 protein chains,2,,,,0500f4acee2182f73b9bcd615db18ab07c1228284965b9b4230129ed2b93b3b0,
7TYP_KUR,7TYP,KUR,excluded,2 protein chains,2,,,,603ffb91e12b96c9e9a9b8ead1b451162d195453aff47b7b0f425ae3385d63c4,
7U0U_FK5,7U0U,FK5,excluded,2 protein chains,2,,,,cff9398d1b9d7d9b462a5b5a2970ac00adcc4dc9c9e060cebf4201af18009ca2,
7U3J_L6U,7U3J,L6U,selected,,1,205,256,le256,7b433bb76a84b1afd9890a09605852ffb9fc8e3f3a8cc2ef9e5ac438ed4f17c0,252474f915c42e9ffe1c52f7c40df969fafd95e990fe65dfb1228d2c14471b2c
7UAS_MBU,7UAS,MBU,excluded,2 protein chains,2,,,,1d7922ee12a579be4374bb8f11f819802c82959f114400a77a593f6d2336ab82,
7UAW_MF6,7UAW,MF6,excluded,2 protein chains,2,,,,c446490748402e39c1f644e49cddf234b773b9a67557f145c83a9548907d8479,
7UJ4_OQ4,7UJ4,OQ4,excluded,2 protein chains,2,,,,0a1abb4dec1e9599af61374e77227746e0b83a8e748007c4c314fe772f152a30,
7UJ5_DGL,7UJ5,DGL,excluded,4 protein chains,4,,,,f9c329cb0aaa884260cfd4d685fdad394f99fe9086da25bfb3cb0cce945f726c,
7UJF_R3V,7UJF,R3V,excluded,4 protein chains,4,,,,6ba0370f67bfcbbc5bf657ab3fec4ea88ed4b9d1a211a35427015015b02fced1,
7ULC_56B,7ULC,56B,excluded,2 protein chains,2,,,,5726c39492df4453cf3dd15ab9b74061113c8beda0ba489758b024d4ba0f85c2,
7UMW_NAD,7UMW,NAD,excluded,2 protein chains,2,,,,65121c84924e31a2f6eda3719757a1df00528e00c7c4e72f6a65e5b8dfc59e9f,
7UQ3_O2U,7UQ3,O2U,eligible,,1,268,512,257-512,24c9bb6a4a6079c523b371779ecb946e6a4dd617db161b80e075265ebbdeb591,d6dcd30f5d06666b26524614ee6ca2bad39afd166317899d2bfb4ba0758ae13e
7USH_82V,7USH,82V,selected,,1,137,256,le256,75fa8ad9f2f398ad21f44a916331ee71dc579349902848c100418755608d4ce2,07155a4491978fbb8892d7d9c2b00b24d45ff2d4fedb7bbc438a6b878825181f
7UTW_NAI,7UTW,NAI,excluded,2 protein chains,2,,,,d64edc4f867e593cee667433d3d927b4c8c4eb0e4caa60f87fba2bedd6e889ee,
7UXS_OJC,7UXS,OJC,excluded,2 protein chains,2,,,,33a1081b3f363e8bf78701beeaf3b8aa75b2eebf579faa5f9efec2ec6c09e882,
7UY4_SMI,7UY4,SMI,excluded,2 protein chains,2,,,,ea4ce5f89833fce34ee80cf895820e11afdfd635053ba720d2e2efda93f40054,
7UYB_OK0,7UYB,OK0,eligible,,1,277,512,257-512,5c41afa3cf558c2f6453d37cef522f18f33200ea12a5955b75f3fa17050352c1,2211b2768dad5356a7f4a954bdc51846fc88373270dbe131ffa57142664e0dd2
7V14_ORU,7V14,ORU,eligible,,1,273,512,257-512,381f13e5c03a4a704fe2c226b976448d5061fc61c8a8e9e9b8cfc249322f134c,0447ec0acdc95ff64f0dca27410bfc5dd9affe156dca69fb45319c8f28566b4b
7V3N_AKG,7V3N,AKG,selected,,1,338,512,257-512,1117bb3fbb6220a2baedd7bf37ebd3612ebd10ba82d25b505ce94732cc301a6d,dc7d9486aaafbb6ca2fb1e24319aba8ae02a886d33cbeaad760b28e7f7b806bc
7V3S_5I9,7V3S,5I9,eligible,,1,357,512,257-512,c490dadff339daa15f949cf2501f56b6b2e613f2be8c65dbd9c9b2ff0d1e930d,257c1b0a00e9ce861e858c802b74058b5edc8b0f48600749cbb1ae00b1875122
7V43_C4O,7V43,C4O,eligible,,1,448,512,257-512,597b8a744246617ef177f331db1d0cf7c8267d3f1ad87b141e2b7c70f6921359,9de1cbee21c3c4174eaf15bfe548c41d88cd5c87db04afa2a639851ece49b4b1
7VB8_STL,7VB8,STL,excluded,2 protein chains,2,,,,6119bbf90e4e066bcb0263fd9a19cb9081725b2d98b2bc3996d7f66fa78ee168,
7VBU_6I4,7VBU,6I4,selected,,1,411,512,257-512,1e6535a40a6a2f0a5e4bc6a25bc553eca4cb1bc28f3f62f1b3e2c34cd4e318f1,bd877c368fa010245bf20623cf6476999953017fd9fe81dc4595c2378f1d2195
7VC5_9SF,7VC5,9SF,selected,,1,522,768,513-768,df9285b3ffb8c9b206aafe00947c0ea65ea83155faf59e68ea176d52fcd13e5b,041f5e39c75858bf11f55154d1bfa6cccfe32734c2b359a98b885747b0cb73be
7VKZ_NOJ,7VKZ,NOJ,excluded,2 protein chains,2,,,,ac5a2b637efab896694e39375ba15d4d7e8bc6d6b2a197a4325ca7ee37215f21,
7VQ9_ISY,7VQ9,ISY,excluded,2 protein chains,2,,,,dea763c12529cd1350ee5b6c7ee97870ec838ec1aab0b3c04fa3559ac1680810,
7VWF_K55,7VWF,K55,excluded,2 protein chains,2,,,,33cd209aeaf734ae5d54b2645c1fbf4a56517708b135c2729df94e74a05e0dd6,
7VYJ_CA0,7VYJ,CA0,excluded,2 protein chains,2,,,,1a2910053b1eaed1d9b3f78856bda139a1683e44ea9f2d0819aa8d8171675e16,
7W05_GMP,7W05,GMP,selected,,1,120,256,le256,04d687436a53f6c08857690cd2a4630f36bc54370ec8ea90f30cd560eb915a92,63a8d1271f4a37fc4ca52acbc40f6dad7488bb123559d64653daa1066edefca7
7W06_ITN,7W06,ITN,eligible,,1,301,512,257-512,8679ec9d085bcca4d1b353739c0ef1e9c4bd14cc80648cd79302e506e78d5dcf,32a5f7842bc72c975a2464aceb1d46caf34e2df28267635fa7573840afcee6a9
7WCF_ACP,7WCF,ACP,eligible,,1,351,512,257-512,9ed7345edf5f275aa8f5b6a522f8e829e253d412f09ca165daa2c94a17adb5b1,e833b9db1d523231b73a6ad9ee10d4669ac2b33f4692f042fadbcc3c91f31b34
7WDT_NGS,7WDT,NGS,selected,,1,848,1024,769-1024,526105f3c21b745d743ba2e8e53ec49fa8c591a387fda38aa1f4f8a14d0e8c69,ad44fd2057c614dfb700e8d18c38e21e7f319e347ccc8c18af32ed7e0943b243
7WJB_BGC,7WJB,BGC,selected,,1,770,1024,769-1024,6b4edc17d1830bc2247c83ab74da2945a66c1379c350b00d479cf44a73cbe7ac,0db16fe4ec13f80685c4ac608531de856c415f7c62f845c7953869a6b7579fae
7WKL_CAQ,7WKL,CAQ,excluded,4 protein chains,4,,,,e72ef89111caabe7b471e2e7e37e277611e2c1b099e48c61129abeff0cc4e12d,
7WL4_JFU,7WL4,JFU,excluded,4 protein chains,4,,,,78182a7e89810486491b08486e65d874de3482eec9c728102cc7f56d7f8e754c,
7WPW_F15,7WPW,F15,selected,,1,150,256,le256,a92653a5eac46011a229f0581a25184585aa9f1a966a74c76d79a8bdc3d6f972,7217861d815e8a92b5833e439c971c02d1f785c51508d8073b13238048e40924
7WQQ_5Z6,7WQQ,5Z6,excluded,2 protein chains,2,,,,243844b72faa49fe6c0f0c8c1ae7c6804d01e294b4159a5f1abee73603850423,
7WUX_6OI,7WUX,6OI,excluded,4 protein chains,4,,,,157cea42f90866ee13775b1b3f0bb1ed3a58e24cbc074c01ffee0c84313db7fb,
7WUY_76N,7WUY,76N,excluded,2 protein chains,2,,,,44b60bfbf6e5574fa814b372a5022d143ca86b78172a4ef6976063fae5f24a3e,
7WY1_D0L,7WY1,D0L,excluded,2 protein chains,2,,,,8feb3aa4306d85b3b2fc84276f71263fc94d8cef81fca89d28396d54f8c2a60a,
7X5N_5M5,7X5N,5M5,excluded,2 protein chains,2,,,,9d2ee9626a5257e3fe5a846258d80d66930f9315147c5018a9f3d1db1fc4e60d,
7X9K_8OG,7X9K,8OG,selected,,1,153,256,le256,e43b01e3c729230efd2105416b261dda879940c8532b0c7b58b701fde009b22a,1cf97a6a89ebf8bfd2089412a25261704542a5a67ced9f20b6158033ef48ff27
7XBV_APC,7XBV,APC,selected,,1,544,768,513-768,fb68970ba7717c3dc64291cc89c8cc44731b219990f535ee1d1733e2884d02f2,a91849cd262d17b43b8ae6f688bf308e19d357eeeb430ca85501d37f89e1b47c
7XFA_D9J,7XFA,D9J,eligible,,1,206,256,le256,6de627cc552fd8aab80c567d856ef45780380e1e01d6bb98db1814e68494485a,049ec38405bbb1e8ff9a94058abc9ba7bd7fcc88154a6879c75b07872f37ac2e
7XG5_PLP,7XG5,PLP,excluded,2 protein chains,2,,,,2a7998b1f66dcb07848a3634948c8a64e37cc155faf0ffce908cb34cf7650409,
7XI7_4RI,7XI7,4RI,eligible,,1,207,256,le256,4b721eeccfe06fdc3441162150a847970e9b33b5d333e06aea97711b7d4f2c03,df049e1053caa8f3cc7a3108b4b5e219f6d3f173cbba4c505790d2953dc730de
7XJN_NSD,7XJN,NSD,excluded,4 protein chains,4,,,,387066f618fbe6236b5e22cf1fa712fb3b372d3e241a9bdc6e21a879b7b93926,
7XPO_UPG,7XPO,UPG,excluded,2 protein chains,2,,,,39ffa0aaba6e5ef423cd029d9191c497bb4e96c6ee0202f06ecba796e8f7894a,
7XQZ_FPF,7XQZ,FPF,selected,,1,539,768,513-768,d53aadef8f10ff1ee601572976b7bdd11b2839e3489e9219b88fe005ee0e2913,eb27145575566260cc1dd44d77c63a8fb5f43f6a7c1312753fdae661829c3307
7XRL_FWK,7XRL,FWK,excluded,6 protein chains,6,,,,1f968a6fdad69386b8c230035f0d690f4eb953a5dbf70d883e668378d544b33d,
7YZU_DO7,7YZU,DO7,eligible,,1,412,512,257-512,76eddb61d02c50941b17d6355e7e76a509983a15f1dac2f3483ab77b0c16ed88,a7e0f79efbf47b824b6e8e511fd0783a559ddc3a08011eea654e6385b4ca3458
7Z1Q_NIO,7Z1Q,NIO,eligible,,1,241,256,le256,ee06e09aa276d867c525f91762a4d4acee422e280ae8278c24676f523cf8eb03,8dc8333afc3252c806ba700f46d8d67c1e3e02c5ad28555473a6a8c4f8ade691
7Z2O_IAJ,7Z2O,IAJ,excluded,2 protein chains,2,,,,b536a63fb933c30d2b72a9635aa9739b7ed4b010b06786168963c4de82b34e3c,
7Z7F_IF3,7Z7F,IF3,excluded,2 protein chains,2,,,,7b276659715aa3d58d1546babbee506a8fcd6bdb6b2e9749973ff3b9dd27d717,
7ZCC_OGA,7ZCC,OGA,excluded,4 protein chains,4,,,,82edbbd58a168813c6db85178e83dc20d547294a9cfb61af6335e66b1727e0f8,
7ZDY_6MJ,7ZDY,6MJ,excluded,2 protein chains,2,,,,0787825206dadd51a59cb57ac84db8d1306aeef8e32056ca3017fc1186801cdb,
7ZF0_DHR,7ZF0,DHR,eligible,,1,509,512,257-512,3fc773159ba384e73caa78c285c843850d6078f5c902e775e2e3abaeacebfffc,58d99d56f0daa0cc204ec4647aa6bc3f3e760413e38ef7cff47980b982dd18af
7ZHP_IQY,7ZHP,IQY,eligible,,1,336,512,257-512,589fa461577804a81c8dfd6441c101e9303267dc07f46d45c543b647dfef3510,a0104b8b3411a6283c5dca26875b1699cc6c1c8271808199ab59455f100c416e
7ZL5_IWE,7ZL5,IWE,excluded,2 protein chains,2,,,,8c5d1498118dda990045d5eac81c182db80bf3d4dee69ef160a99cf98dbeb1dd,
7ZOC_T8E,7ZOC,T8E,eligible,,1,428,512,257-512,fb3e0a2284cd8ee15b7e87302bed3097e1ec1325bef221600b9d7dae2b102746,9180b982f877be560be462a831d22e1c9a9c75730a288128d357b127063ea04c
7ZTL_BCN,7ZTL,BCN,excluded,2 protein chains,2,,,,8e212893671d1d2d9b2a63fd8f745c8af7c841b7e5c0666d3d460758be9ddca0,
7ZU2_DHT,7ZU2,DHT,eligible,,1,270,512,257-512,ae32993cca182f44e2981ad4719fa14c0d56d88f29a898c63d8769a9e6dfa76d,55bbdda3824f446e0b4c51c105f72d808a461a3b75acd10eb7868ae82555136d
7ZXV_45D,7ZXV,45D,eligible,,1,359,512,257-512,c024aee3f076401ba76b5d1f349c8ffbc08e4e784355f5cf892dbfe7c2cfc327,f9c6c765c57c81e7b047b85b34f3300b933cc32a7b1f41baf20d3eb93f906149
7ZZW_KKW,7ZZW,KKW,excluded,3 protein chains,3,,,,b5cabd8255a627c5ca972b21825338301a80d57efc37cfb92d6f8d8b2362cc38,
8A1H_DLZ,8A1H,DLZ,selected,,1,559,768,513-768,f3f83dad181987da5779d9320b6c2a1b337277b333e929f75dfb9178c3f70d9a,874445cc54f7844ba2463bb7deb39ddf3d13f64b97a449b9f979483c3e8b3514
8A2D_KXY,8A2D,KXY,eligible,,1,375,512,257-512,4b977fd57e1dbe3b39fb907abd88986a63fedc5df1b3e08863a853bfb43df21e,68ea392983e6af0f202bd4d414e53bb9ce6817b098ddd50dfb2dee606695b3e1
8AAU_LH0,8AAU,LH0,eligible,,1,337,512,257-512,88b43e41198f72035d033c619ab87d4df095beea973abc25ca62743faad52eed,72804bde988ea7b143f6172a5e72f0c59f06d84ddf51f500369921b122f04a1b
8AEM_LVF,8AEM,LVF,eligible,,1,341,512,257-512,a8cf95ebea9be90181ba8a354b6eb79da79d24a5f751080eb882491f4cbeef22,599248e783df67e6bd6cc4032440a52e74b3b0d3ace040be4d0ee8d55324554a
8AIE_M7L,8AIE,M7L,excluded,2 protein chains,2,,,,a9da679bb1683a6781dc2c80d8ac704966c7b03ab8ecc2bc7bc2fc1fb186a74f,
8AP0_PRP,8AP0,PRP,eligible,,1,362,512,257-512,08af3a49aae8b49e483a3fb9d3b01c31aca9a8fc2a18b5307e0b9c11ed8f406f,4a7ac7278a90d8ce2b58ae41e4a723de527954e8c309681e94d3c84407efad01
8AQL_PLG,8AQL,PLG,excluded,4 protein chains,4,,,,8d858ffaff735672facb7965547bba96584fe1e7d3dfbc0383c5f610b49945f5,
8AUH_L9I,8AUH,L9I,excluded,2 protein chains,2,,,,a984e866b3ae1083ed80274367cf810b83c67a58ba37a23d58927e1798f4e65c,
8AY3_OE3,8AY3,OE3,excluded,2 protein chains,2,,,,80593803847939e96da404eaccb50581efa4d1b2c433f9a3874d91c36735f234,
8B8H_OJQ,8B8H,OJQ,excluded,2 protein chains,2,,,,5bdbbcbce5cf567bbfc694133949867bdbdc6342f51fdb0fdb1fcc7f8f2b58ff,
8BOM_QU6,8BOM,QU6,eligible,,1,341,512,257-512,25e9ee0936df97d1dfe10956ea6c021143cc44973be715b29f26a6cf369b0e10,e2300d6119f813bba4f45b0cf44e43f5851edc25e0160a854db779c6f0eb9260
8BTI_RFO,8BTI,RFO,eligible,,1,398,512,257-512,cf93347f4ac96ef9817ae54ffd9dc2f5ad33edb1c8a1181f88225386c7e43dca,3a8ce8ee049f4b788e8f0f7b2c33ba7c937a35b9b434865f5ef53c57bfe9b94a
8C3N_ADP,8C3N,ADP,excluded,2 protein chains,2,,,,1debcbe49ad4ffe8bec2c06fcb1234fa95d0b4d403fc1e01017c285abb163e7c,
8C5M_MTA,8C5M,MTA,excluded,2 protein chains,2,,,,4de77f94cad5ad952af7c12773e97e7521154776462de464decef710923396ef,
8CNH_V6U,8CNH,V6U,eligible,,1,500,512,257-512,6496d0e35fb32a383741dad18b82f4e359adc44e4893a19ab68d54b5540bc6a6,552571c7a79f8f409794cd09cdca67321464a2ca0bc714caab9190672c91d498
8CSD_C5P,8CSD,C5P,excluded,2 protein chains,2,,,,f03ce7925f20ed72c6c853206d24b628d3b8ba1f5399d44459e9f62aaf361105,
8D19_GSH,8D19,GSH,excluded,2 protein chains,2,,,,2327672f3e4be908a41a1929eafe2c123306e9e295d05129ffd5cedf973bbf94,
8D39_QDB,8D39,QDB,eligible,,1,427,512,257-512,b67105b97cbfa3ba5e8f02e9402027522373e409288403d40b511ec87cb9141f,d8365e90e71121e8d2924ff3d0b38c8ec9daea0a5b1d01c1c11b5e37d6b65f02
8D5D_5DK,8D5D,5DK,excluded,2 protein chains,2,,,,d19890c13e441aeefc355c1d19f395c57b6c71dfe19faf4680460c1457de24b0,
8DHG_T78,8DHG,T78,selected,,1,404,512,257-512,a84a8052070e7e0106be96909e08fb1f17d91a14277b161186815ba5aef20ed8,b15550420598987644a3ac67e1d95a2560958a0768a2c6b2c3599e7b9cd9c823
8DKO_TFB,8DKO,TFB,excluded,2 protein chains,2,,,,eee1ff09a071620b5a7190c53d73eb692a5019fcf90de5c21ae7f86f85c479c4,
8DP2_UMA,8DP2,UMA,eligible,,1,497,512,257-512,0fd2cb728aec2d3ff8000d7e3b30b40f3816622f20e59b87d53517db9396fb47,52b9eb973d7aa3a79697ffbea5b73797ae4598be663967b13a0fd99e7e501164
8DSC_NCA,8DSC,NCA,excluded,2 protein chains,2,,,,66c2b443acb2e3cc3b132c2b90e5b98febd5c75849f7a7cced82f7cb318b299a,
8EAB_VN2,8EAB,VN2,excluded,2 protein chains,2,,,,9dd573bb2b3b8738ba464fbab74552e9072d3dd3eebb8697113e47958d5b10f7,
8EX2_Q2Q,8EX2,Q2Q,eligible,,1,315,512,257-512,2ad15b8bd3fef8a748532107f2a3e32f3a4100bf81b504cd6fe5323b9216b919,8f24c9f7835624db96de15046e3f74609f9fc74f9b478595a975175d34a821f6
8EXL_799,8EXL,799,excluded,1114 tokens > 1024,1,1114,1280,,ca5dd41bfba3f80d5e31ac6e2eac3d053132cd2e7f07c4e3794f7e0330541660,d1674802edf4b01a41cec8adea33cb15094d88fc7cc268f76cc42fb877e55c48
8EYE_X4I,8EYE,X4I,selected,,1,931,1024,769-1024,a849710de899bbfc09a34e69a2718ad49fa94d0dc5308398a7c0bc5e248f99d3,3e955abc2365d617c8f19b3f45fcffd4e1227f55d27676c136791f87921ca930
8F4J_PHO,8F4J,PHO,excluded,40 protein chains,40,,,,844f60bb6faffd2d607cf1989a1c58fdbf1985e0b13d43e5cf419dc879957ec5,
8F8E_XJI,8F8E,XJI,excluded,2 protein chains,2,,,,8a29bf689ddaf4365940c6df7ffbb8063e94c2bd95b91e4b3364263df45dc225,
8FAV_4Y5,8FAV,4Y5,excluded,2 protein chains,2,,,,e22369b44c612961c2380b915d77d1b7c34cb931df58b4f490129774e4d5acf4,
8FLV_ZB9,8FLV,ZB9,eligible,,1,312,512,257-512,64a92bf537f5be929354c0fe89cb69c15a9f6f5b2db0e69893330b85eca18d2b,ea8991ea478c731810f667bbb17d6a2573180aedb79a4751cf6996a60a5458fc
8FO5_Y4U,8FO5,Y4U,excluded,4 protein chains,4,,,,c0c1bc85e25c650e759d8db0e53af03ffbbb2cbce9121c402d93949e6e0df743,
8G0V_YHT,8G0V,YHT,excluded,3 protein chains,3,,,,8dafe1ae8bb64235407563e872700f9a036c1174282634231fe619333a5959f1,
8G6P_API,8G6P,API,selected,,1,521,768,513-768,790d9e07c8703116b472f68ad24fb1ee1d0c6ce38e014d21500b51ba8e81a415,6531d1b0d241201d3befaba69375d7188b48ffe175e09a97b19f97ffd2b5ce7c
8GFD_ZHR,8GFD,ZHR,selected,,1,570,768,513-768,fd8db81b8fccd158a473f18f9119da0e3b4705bb3f1d487e87586135e7b94e8d,feec99196b3224c7a837aeb5517609fe81940e664b3cef1e7bf627b9f1a5a63f
8HFN_XGC,8HFN,XGC,eligible,,1,437,512,257-512,d885d6133a2fbc5f6dc9508e2fe363f86b826aea9b29388f6f5ff417c72fa66b,3f0b0798ab1184d652737bdbb6c7b7aa0b098e488f3b56317b972c6345bdec3c
8HO0_3ZI,8HO0,3ZI,eligible,,1,420,512,257-512,0f627a732a40ba6e57ad8e9ca0483bf2bf95fd9dd00a8048e843228aa96c45ee,27fa4a47c702e1ad2459a33c4f7feb8dcaef510f719b7ccfd04ce2b47c4f28e1
8SLG_G5A,8SLG,G5A,excluded,2 protein chains,2,,,,5da801426cb998375fac8fa76389f3958e09e28cb2ee8a0267c476731e113942,
